{"cameraMode":{"drawMode":0,"name":"Shaded","section":"Shading Mode"},"sceneLighting":true,"audioPlay":false,"sceneViewState":{"showFog":false,"showMaterialUpdate":false,"showSkybox":true,"showFlares":false,"showImageEffects":false,"showParticleSystems":false},"in2DMode":false,"pivot":{"x":8.469949722290039,"y":7.307981967926025,"z":-3.6228389739990236},"rotation":{"x":-0.3334349989891052,"y":0.4504522681236267,"z":-0.18610918521881104,"w":-0.8070065379142761},"size":0.4012981057167053,"orthographic":false}