{"cameraMode":{"drawMode":0,"name":"Shaded","section":"Shading Mode"},"sceneLighting":true,"audioPlay":false,"sceneViewState":{"showFog":false,"showMaterialUpdate":false,"showSkybox":true,"showFlares":false,"showImageEffects":false,"showParticleSystems":false},"in2DMode":false,"pivot":{"x":34.33781051635742,"y":14.501615524291993,"z":-29.496763229370118},"rotation":{"x":-0.12991933524608613,"y":0.4242763817310333,"z":-0.06165507063269615,"w":-0.8940261006355286},"size":3.4012980461120607,"orthographic":false}