{"cameraMode":{"drawMode":0,"name":"Shaded","section":"Shading Mode"},"sceneLighting":true,"audioPlay":false,"sceneViewState":{"showFog":false,"showMaterialUpdate":false,"showSkybox":true,"showFlares":false,"showImageEffects":false,"showParticleSystems":false},"in2DMode":false,"pivot":{"x":2.7842888832092287,"y":6.123874664306641,"z":-13.250114440917969},"rotation":{"x":-0.13968521356582642,"y":0.18945209681987763,"z":-0.027253223583102227,"w":-0.97149258852005},"size":12.091119766235352,"orthographic":false}